,sudoku,fitness
0,"[[6 8 7 9 3 5 1 2 4]
 [3 9 5 1 2 4 8 6 7]
 [2 1 4 8 6 7 9 3 5]
 [5 2 1 6 4 8 3 7 9]
 [4 6 8 3 7 9 2 5 1]
 [3 7 9 2 5 1 6 4 8]
 [6 4 3 2 8 5 7 1 9]
 [9 5 7 4 1 6 2 8 3]
 [1 4 6 7 8 3 5 9 2]]",14
1,"[[6 8 7 9 3 5 1 2 4]
 [3 8 5 1 2 4 9 6 7]
 [9 1 4 2 6 7 8 3 5]
 [5 2 1 6 4 8 3 7 9]
 [4 6 8 3 7 9 2 5 1]
 [3 7 9 2 5 1 6 4 8]
 [8 7 3 2 9 5 4 1 6]
 [9 2 5 4 1 6 7 8 3]
 [1 4 6 7 8 3 5 9 2]]",11
2,"[[6 8 7 9 3 5 1 2 4]
 [3 5 9 1 2 4 8 6 7]
 [2 1 4 8 6 7 9 3 5]
 [5 1 2 6 4 8 3 7 9]
 [4 6 8 3 7 9 2 5 1]
 [7 3 9 2 5 1 6 4 8]
 [8 7 3 5 6 9 2 1 4]
 [9 5 2 4 1 6 7 8 3]
 [1 4 6 7 8 3 5 9 2]]",10
3,"[[6 8 7 9 3 5 1 2 4]
 [3 5 9 1 2 4 8 6 7]
 [2 1 4 8 6 7 9 3 5]
 [5 1 2 6 4 8 3 7 9]
 [4 6 8 3 7 9 2 5 1]
 [7 3 9 2 5 1 6 4 8]
 [8 7 3 5 6 9 2 1 4]
 [9 5 2 4 1 6 7 8 3]
 [1 4 6 7 8 3 5 9 2]]",10
4,"[[6 8 7 9 3 5 1 2 4]
 [3 5 9 1 2 4 8 6 7]
 [2 1 4 8 6 7 9 3 5]
 [5 2 1 6 4 8 3 7 9]
 [4 6 8 3 7 9 2 5 1]
 [7 3 9 2 5 1 6 4 8]
 [8 7 3 2 6 9 5 1 4]
 [9 5 2 4 1 6 7 8 3]
 [1 4 6 7 8 3 5 9 2]]",9
5,"[[6 8 7 9 3 5 1 2 4]
 [3 5 9 1 2 4 8 6 7]
 [2 1 4 8 6 7 9 3 5]
 [5 2 1 6 4 8 3 7 9]
 [4 6 8 3 7 9 2 5 1]
 [3 7 9 2 5 1 6 4 8]
 [7 4 3 5 9 2 8 1 6]
 [9 2 5 4 1 6 7 8 3]
 [1 4 6 7 8 3 5 9 2]]",7
6,"[[7 8 6 9 3 5 1 2 4]
 [3 9 5 1 2 4 8 6 7]
 [2 1 4 8 6 7 9 3 5]
 [5 2 1 6 4 8 3 7 9]
 [4 6 8 3 7 9 2 5 1]
 [3 7 9 2 5 1 6 4 8]
 [7 3 8 5 9 2 4 1 6]
 [9 5 2 4 1 6 7 8 3]
 [1 4 7 6 8 3 5 9 2]]",6
7,"[[7 8 6 9 3 5 1 2 4]
 [3 9 5 1 2 4 8 6 7]
 [2 1 4 8 6 7 9 3 5]
 [5 2 1 6 4 8 3 7 9]
 [4 6 8 3 7 9 2 5 1]
 [3 7 9 2 5 1 6 4 8]
 [7 3 8 5 9 2 4 1 6]
 [9 5 2 4 1 6 7 8 3]
 [1 4 7 6 8 3 5 9 2]]",6
8,"[[7 8 6 9 3 5 1 2 4]
 [3 9 5 1 2 4 8 6 7]
 [2 1 4 8 6 7 9 3 5]
 [5 2 1 6 4 8 3 7 9]
 [4 6 8 3 7 9 2 5 1]
 [3 7 9 2 5 1 6 4 8]
 [7 3 8 5 9 2 4 1 6]
 [9 5 2 4 1 6 7 8 3]
 [1 4 7 6 8 3 5 9 2]]",6
9,"[[6 8 7 9 3 5 1 2 4]
 [3 9 5 1 2 4 8 6 7]
 [2 1 4 8 6 7 9 3 5]
 [5 2 1 6 4 8 3 7 9]
 [4 6 8 3 7 9 2 5 1]
 [7 3 9 2 5 1 6 4 8]
 [7 8 3 5 9 2 4 1 6]
 [9 5 2 4 1 6 7 8 3]
 [1 4 6 7 8 3 5 9 2]]",2
10,"[[6 8 7 9 3 5 1 2 4]
 [3 9 5 1 2 4 8 6 7]
 [2 1 4 8 6 7 9 3 5]
 [5 2 1 6 4 8 3 7 9]
 [4 6 8 3 7 9 2 5 1]
 [7 3 9 2 5 1 6 4 8]
 [7 8 3 5 9 2 4 1 6]
 [9 5 2 4 1 6 7 8 3]
 [1 4 6 7 8 3 5 9 2]]",2
11,"[[6 8 7 9 3 5 1 2 4]
 [3 9 5 1 2 4 8 6 7]
 [2 1 4 8 6 7 9 3 5]
 [5 2 1 6 4 8 3 7 9]
 [4 6 8 3 7 9 2 5 1]
 [7 3 9 2 5 1 6 4 8]
 [7 8 3 5 9 2 4 1 6]
 [9 5 2 4 1 6 7 8 3]
 [1 4 6 7 8 3 5 9 2]]",2
12,"[[6 8 7 9 3 5 1 2 4]
 [3 9 5 1 2 4 8 6 7]
 [2 1 4 8 6 7 9 3 5]
 [5 2 1 6 4 8 3 7 9]
 [4 6 8 3 7 9 2 5 1]
 [7 3 9 2 5 1 6 4 8]
 [7 8 3 5 9 2 4 1 6]
 [9 5 2 4 1 6 7 8 3]
 [1 4 6 7 8 3 5 9 2]]",2
13,"[[6 8 7 9 3 5 1 2 4]
 [3 9 5 1 2 4 8 6 7]
 [2 1 4 8 6 7 9 3 5]
 [5 2 1 6 4 8 3 7 9]
 [4 6 8 3 7 9 2 5 1]
 [7 3 9 2 5 1 6 4 8]
 [7 8 3 5 9 2 4 1 6]
 [9 5 2 4 1 6 7 8 3]
 [1 4 6 7 8 3 5 9 2]]",2
14,"[[6 8 7 9 3 5 1 2 4]
 [3 9 5 1 2 4 8 6 7]
 [2 1 4 8 6 7 9 3 5]
 [5 2 1 6 4 8 3 7 9]
 [4 6 8 3 7 9 2 5 1]
 [7 3 9 2 5 1 6 4 8]
 [7 8 3 5 9 2 4 1 6]
 [9 5 2 4 1 6 7 8 3]
 [1 4 6 7 8 3 5 9 2]]",2
15,"[[6 8 7 9 3 5 1 2 4]
 [3 9 5 1 2 4 8 6 7]
 [2 1 4 8 6 7 9 3 5]
 [5 2 1 6 4 8 3 7 9]
 [4 6 8 3 7 9 2 5 1]
 [7 3 9 2 5 1 6 4 8]
 [7 8 3 5 9 2 4 1 6]
 [9 5 2 4 1 6 7 8 3]
 [1 4 6 7 8 3 5 9 2]]",2
16,"[[6 8 7 9 3 5 1 2 4]
 [3 9 5 1 2 4 8 6 7]
 [2 1 4 8 6 7 9 3 5]
 [5 2 1 6 4 8 3 7 9]
 [4 6 8 3 7 9 2 5 1]
 [7 3 9 2 5 1 6 4 8]
 [7 8 3 5 9 2 4 1 6]
 [9 5 2 4 1 6 7 8 3]
 [1 4 6 7 8 3 5 9 2]]",2
17,"[[6 8 7 9 3 5 1 2 4]
 [3 9 5 1 2 4 8 6 7]
 [2 1 4 8 6 7 9 3 5]
 [5 2 1 6 4 8 3 7 9]
 [4 6 8 3 7 9 2 5 1]
 [7 3 9 2 5 1 6 4 8]
 [7 8 3 5 9 2 4 1 6]
 [9 5 2 4 1 6 7 8 3]
 [1 4 6 7 8 3 5 9 2]]",2
18,"[[6 8 7 9 3 5 1 2 4]
 [3 9 5 1 2 4 8 6 7]
 [2 1 4 8 6 7 9 3 5]
 [5 2 1 6 4 8 3 7 9]
 [4 6 8 3 7 9 2 5 1]
 [7 3 9 2 5 1 6 4 8]
 [7 8 3 5 9 2 4 1 6]
 [9 5 2 4 1 6 7 8 3]
 [1 4 6 7 8 3 5 9 2]]",2
19,"[[6 8 7 9 3 5 1 2 4]
 [3 9 5 1 2 4 8 6 7]
 [2 1 4 8 6 7 9 3 5]
 [5 2 1 6 4 8 3 7 9]
 [4 6 8 3 7 9 2 5 1]
 [7 3 9 2 5 1 6 4 8]
 [7 8 3 5 9 2 4 1 6]
 [9 5 2 4 1 6 7 8 3]
 [1 4 6 7 8 3 5 9 2]]",2
20,"[[6 8 7 9 3 5 1 2 4]
 [3 9 5 1 2 4 8 6 7]
 [2 1 4 8 6 7 9 3 5]
 [5 2 1 6 4 8 3 7 9]
 [4 6 8 3 7 9 2 5 1]
 [7 3 9 2 5 1 6 4 8]
 [7 8 3 5 9 2 4 1 6]
 [9 5 2 4 1 6 7 8 3]
 [1 4 6 7 8 3 5 9 2]]",2
21,"[[6 8 7 9 3 5 1 2 4]
 [3 9 5 1 2 4 8 6 7]
 [2 1 4 8 6 7 9 3 5]
 [5 2 1 6 4 8 3 7 9]
 [4 6 8 3 7 9 2 5 1]
 [7 3 9 2 5 1 6 4 8]
 [7 8 3 5 9 2 4 1 6]
 [9 5 2 4 1 6 7 8 3]
 [1 4 6 7 8 3 5 9 2]]",2
22,"[[6 8 7 9 3 5 1 2 4]
 [3 9 5 1 2 4 8 6 7]
 [2 1 4 8 6 7 9 3 5]
 [5 2 1 6 4 8 3 7 9]
 [4 6 8 3 7 9 2 5 1]
 [7 3 9 2 5 1 6 4 8]
 [7 8 3 5 9 2 4 1 6]
 [9 5 2 4 1 6 7 8 3]
 [1 4 6 7 8 3 5 9 2]]",2
23,"[[6 8 7 9 3 5 1 2 4]
 [3 9 5 1 2 4 8 6 7]
 [2 1 4 8 6 7 9 3 5]
 [5 2 1 6 4 8 3 7 9]
 [4 6 8 3 7 9 2 5 1]
 [7 3 9 2 5 1 6 4 8]
 [7 8 3 5 9 2 4 1 6]
 [9 5 2 4 1 6 7 8 3]
 [1 4 6 7 8 3 5 9 2]]",2
24,"[[6 8 7 9 3 5 1 2 4]
 [3 9 5 1 2 4 8 6 7]
 [2 1 4 8 6 7 9 3 5]
 [5 2 1 6 4 8 3 7 9]
 [4 6 8 3 7 9 2 5 1]
 [7 3 9 2 5 1 6 4 8]
 [7 8 3 5 9 2 4 1 6]
 [9 5 2 4 1 6 7 8 3]
 [1 4 6 7 8 3 5 9 2]]",2
25,"[[6 8 7 9 3 5 1 2 4]
 [3 9 5 1 2 4 8 6 7]
 [2 1 4 8 6 7 9 3 5]
 [5 2 1 6 4 8 3 7 9]
 [4 6 8 3 7 9 2 5 1]
 [7 3 9 2 5 1 6 4 8]
 [7 8 3 5 9 2 4 1 6]
 [9 5 2 4 1 6 7 8 3]
 [1 4 6 7 8 3 5 9 2]]",2
26,"[[6 8 7 9 3 5 1 2 4]
 [3 9 5 1 2 4 8 6 7]
 [2 1 4 8 6 7 9 3 5]
 [5 2 1 6 4 8 3 7 9]
 [4 6 8 3 7 9 2 5 1]
 [7 3 9 2 5 1 6 4 8]
 [7 8 3 5 9 2 4 1 6]
 [9 5 2 4 1 6 7 8 3]
 [1 4 6 7 8 3 5 9 2]]",2
27,"[[6 8 7 9 3 5 1 2 4]
 [3 9 5 1 2 4 8 6 7]
 [2 1 4 8 6 7 9 3 5]
 [5 2 1 6 4 8 3 7 9]
 [4 6 8 3 7 9 2 5 1]
 [7 3 9 2 5 1 6 4 8]
 [7 8 3 5 9 2 4 1 6]
 [9 5 2 4 1 6 7 8 3]
 [1 4 6 7 8 3 5 9 2]]",2
28,"[[6 8 7 9 3 5 1 2 4]
 [3 9 5 1 2 4 8 6 7]
 [2 1 4 8 6 7 9 3 5]
 [5 2 1 6 4 8 3 7 9]
 [4 6 8 3 7 9 2 5 1]
 [7 3 9 2 5 1 6 4 8]
 [7 8 3 5 9 2 4 1 6]
 [9 5 2 4 1 6 7 8 3]
 [1 4 6 7 8 3 5 9 2]]",2
29,"[[6 8 7 9 3 5 1 2 4]
 [3 9 5 1 2 4 8 6 7]
 [2 1 4 8 6 7 9 3 5]
 [5 2 1 6 4 8 3 7 9]
 [4 6 8 3 7 9 2 5 1]
 [7 3 9 2 5 1 6 4 8]
 [7 8 3 5 9 2 4 1 6]
 [9 5 2 4 1 6 7 8 3]
 [1 4 6 7 8 3 5 9 2]]",2
30,"[[6 8 7 9 3 5 1 2 4]
 [3 9 5 1 2 4 8 6 7]
 [2 1 4 8 6 7 9 3 5]
 [5 2 1 6 4 8 3 7 9]
 [4 6 8 3 7 9 2 5 1]
 [7 3 9 2 5 1 6 4 8]
 [7 8 3 5 9 2 4 1 6]
 [9 5 2 4 1 6 7 8 3]
 [1 4 6 7 8 3 5 9 2]]",2
31,"[[6 8 7 9 3 5 1 2 4]
 [3 9 5 1 2 4 8 6 7]
 [2 1 4 8 6 7 9 3 5]
 [5 2 1 6 4 8 3 7 9]
 [4 6 8 3 7 9 2 5 1]
 [7 3 9 2 5 1 6 4 8]
 [7 8 3 5 9 2 4 1 6]
 [9 5 2 4 1 6 7 8 3]
 [1 4 6 7 8 3 5 9 2]]",2
32,"[[6 8 7 9 3 5 1 2 4]
 [3 9 5 1 2 4 8 6 7]
 [2 1 4 8 6 7 9 3 5]
 [5 2 1 6 4 8 3 7 9]
 [4 6 8 3 7 9 2 5 1]
 [7 3 9 2 5 1 6 4 8]
 [7 8 3 5 9 2 4 1 6]
 [9 5 2 4 1 6 7 8 3]
 [1 4 6 7 8 3 5 9 2]]",2
33,"[[6 8 7 9 3 5 1 2 4]
 [3 9 5 1 2 4 8 6 7]
 [2 1 4 8 6 7 9 3 5]
 [5 2 1 6 4 8 3 7 9]
 [4 6 8 3 7 9 2 5 1]
 [7 3 9 2 5 1 6 4 8]
 [7 8 3 5 9 2 4 1 6]
 [9 5 2 4 1 6 7 8 3]
 [1 4 6 7 8 3 5 9 2]]",2
34,"[[6 8 7 9 3 5 1 2 4]
 [3 9 5 1 2 4 8 6 7]
 [2 1 4 8 6 7 9 3 5]
 [5 2 1 6 4 8 3 7 9]
 [4 6 8 3 7 9 2 5 1]
 [7 3 9 2 5 1 6 4 8]
 [7 8 3 5 9 2 4 1 6]
 [9 5 2 4 1 6 7 8 3]
 [1 4 6 7 8 3 5 9 2]]",2
35,"[[6 8 7 9 3 5 1 2 4]
 [3 9 5 1 2 4 8 6 7]
 [2 1 4 8 6 7 9 3 5]
 [5 2 1 6 4 8 3 7 9]
 [4 6 8 3 7 9 2 5 1]
 [7 3 9 2 5 1 6 4 8]
 [7 8 3 5 9 2 4 1 6]
 [9 5 2 4 1 6 7 8 3]
 [1 4 6 7 8 3 5 9 2]]",2
36,"[[6 8 7 9 3 5 1 2 4]
 [3 9 5 1 2 4 8 6 7]
 [2 1 4 8 6 7 9 3 5]
 [5 2 1 6 4 8 3 7 9]
 [4 6 8 3 7 9 2 5 1]
 [7 3 9 2 5 1 6 4 8]
 [7 8 3 5 9 2 4 1 6]
 [9 5 2 4 1 6 7 8 3]
 [1 4 6 7 8 3 5 9 2]]",2
37,"[[6 8 7 9 3 5 1 2 4]
 [3 9 5 1 2 4 8 6 7]
 [2 1 4 8 6 7 9 3 5]
 [5 2 1 6 4 8 3 7 9]
 [4 6 8 3 7 9 2 5 1]
 [7 3 9 2 5 1 6 4 8]
 [7 8 3 5 9 2 4 1 6]
 [9 5 2 4 1 6 7 8 3]
 [1 4 6 7 8 3 5 9 2]]",2
38,"[[6 8 7 9 3 5 1 2 4]
 [3 9 5 1 2 4 8 6 7]
 [2 1 4 8 6 7 9 3 5]
 [5 2 1 6 4 8 3 7 9]
 [4 6 8 3 7 9 2 5 1]
 [7 3 9 2 5 1 6 4 8]
 [7 8 3 5 9 2 4 1 6]
 [9 5 2 4 1 6 7 8 3]
 [1 4 6 7 8 3 5 9 2]]",2
39,"[[6 8 7 9 3 5 1 2 4]
 [3 9 5 1 2 4 8 6 7]
 [2 1 4 8 6 7 9 3 5]
 [5 2 1 6 4 8 3 7 9]
 [4 6 8 3 7 9 2 5 1]
 [7 3 9 2 5 1 6 4 8]
 [7 8 3 5 9 2 4 1 6]
 [9 5 2 4 1 6 7 8 3]
 [1 4 6 7 8 3 5 9 2]]",2
40,"[[6 8 7 9 3 5 1 2 4]
 [3 9 5 1 2 4 8 6 7]
 [2 1 4 8 6 7 9 3 5]
 [5 2 1 6 4 8 3 7 9]
 [4 6 8 3 7 9 2 5 1]
 [7 3 9 2 5 1 6 4 8]
 [7 8 3 5 9 2 4 1 6]
 [9 5 2 4 1 6 7 8 3]
 [1 4 6 7 8 3 5 9 2]]",2
41,"[[6 8 7 9 3 5 1 2 4]
 [3 9 5 1 2 4 8 6 7]
 [2 1 4 8 6 7 9 3 5]
 [5 2 1 6 4 8 3 7 9]
 [4 6 8 3 7 9 2 5 1]
 [7 3 9 2 5 1 6 4 8]
 [7 8 3 5 9 2 4 1 6]
 [9 5 2 4 1 6 7 8 3]
 [1 4 6 7 8 3 5 9 2]]",2
42,"[[6 8 7 9 3 5 1 2 4]
 [3 9 5 1 2 4 8 6 7]
 [2 1 4 8 6 7 9 3 5]
 [5 2 1 6 4 8 3 7 9]
 [4 6 8 3 7 9 2 5 1]
 [7 3 9 2 5 1 6 4 8]
 [7 8 3 5 9 2 4 1 6]
 [9 5 2 4 1 6 7 8 3]
 [1 4 6 7 8 3 5 9 2]]",2
43,"[[6 8 7 9 3 5 1 2 4]
 [3 9 5 1 2 4 8 6 7]
 [2 1 4 8 6 7 9 3 5]
 [5 2 1 6 4 8 3 7 9]
 [4 6 8 3 7 9 2 5 1]
 [7 3 9 2 5 1 6 4 8]
 [7 8 3 5 9 2 4 1 6]
 [9 5 2 4 1 6 7 8 3]
 [1 4 6 7 8 3 5 9 2]]",2
44,"[[6 8 7 9 3 5 1 2 4]
 [3 9 5 1 2 4 8 6 7]
 [2 1 4 8 6 7 9 3 5]
 [5 2 1 6 4 8 3 7 9]
 [4 6 8 3 7 9 2 5 1]
 [7 3 9 2 5 1 6 4 8]
 [7 8 3 5 9 2 4 1 6]
 [9 5 2 4 1 6 7 8 3]
 [1 4 6 7 8 3 5 9 2]]",2
45,"[[6 8 7 9 3 5 1 2 4]
 [3 9 5 1 2 4 8 6 7]
 [2 1 4 8 6 7 9 3 5]
 [5 2 1 6 4 8 3 7 9]
 [4 6 8 3 7 9 2 5 1]
 [7 3 9 2 5 1 6 4 8]
 [7 8 3 5 9 2 4 1 6]
 [9 5 2 4 1 6 7 8 3]
 [1 4 6 7 8 3 5 9 2]]",2
46,"[[6 8 7 9 3 5 1 2 4]
 [3 9 5 1 2 4 8 6 7]
 [2 1 4 8 6 7 9 3 5]
 [5 2 1 6 4 8 3 7 9]
 [4 6 8 3 7 9 2 5 1]
 [7 3 9 2 5 1 6 4 8]
 [7 8 3 5 9 2 4 1 6]
 [9 5 2 4 1 6 7 8 3]
 [1 4 6 7 8 3 5 9 2]]",2
47,"[[6 8 7 9 3 5 1 2 4]
 [3 9 5 1 2 4 8 6 7]
 [2 1 4 8 6 7 9 3 5]
 [5 2 1 6 4 8 3 7 9]
 [4 6 8 3 7 9 2 5 1]
 [7 3 9 2 5 1 6 4 8]
 [7 8 3 5 9 2 4 1 6]
 [9 5 2 4 1 6 7 8 3]
 [1 4 6 7 8 3 5 9 2]]",2
48,"[[6 8 7 9 3 5 1 2 4]
 [3 9 5 1 2 4 8 6 7]
 [2 1 4 8 6 7 9 3 5]
 [5 2 1 6 4 8 3 7 9]
 [4 6 8 3 7 9 2 5 1]
 [7 3 9 2 5 1 6 4 8]
 [7 8 3 5 9 2 4 1 6]
 [9 5 2 4 1 6 7 8 3]
 [1 4 6 7 8 3 5 9 2]]",2
49,"[[6 8 7 9 3 5 1 2 4]
 [3 9 5 1 2 4 8 6 7]
 [2 1 4 8 6 7 9 3 5]
 [5 2 1 6 4 8 3 7 9]
 [4 6 8 3 7 9 2 5 1]
 [7 3 9 2 5 1 6 4 8]
 [7 8 3 5 9 2 4 1 6]
 [9 5 2 4 1 6 7 8 3]
 [1 4 6 7 8 3 5 9 2]]",2
50,"[[6 8 7 9 3 5 1 2 4]
 [3 9 5 1 2 4 8 6 7]
 [2 1 4 8 6 7 9 3 5]
 [5 2 1 6 4 8 3 7 9]
 [4 6 8 3 7 9 2 5 1]
 [7 3 9 2 5 1 6 4 8]
 [7 8 3 5 9 2 4 1 6]
 [9 5 2 4 1 6 7 8 3]
 [1 4 6 7 8 3 5 9 2]]",2
51,"[[6 8 7 9 3 5 1 2 4]
 [3 9 5 1 2 4 8 6 7]
 [2 1 4 8 6 7 9 3 5]
 [5 2 1 6 4 8 3 7 9]
 [4 6 8 3 7 9 2 5 1]
 [7 3 9 2 5 1 6 4 8]
 [7 8 3 5 9 2 4 1 6]
 [9 5 2 4 1 6 7 8 3]
 [1 4 6 7 8 3 5 9 2]]",2
52,"[[6 8 7 9 3 5 1 2 4]
 [3 9 5 1 2 4 8 6 7]
 [2 1 4 8 6 7 9 3 5]
 [5 2 1 6 4 8 3 7 9]
 [4 6 8 3 7 9 2 5 1]
 [7 3 9 2 5 1 6 4 8]
 [7 8 3 5 9 2 4 1 6]
 [9 5 2 4 1 6 7 8 3]
 [1 4 6 7 8 3 5 9 2]]",2
53,"[[6 8 7 9 3 5 1 2 4]
 [3 9 5 1 2 4 8 6 7]
 [2 1 4 8 6 7 9 3 5]
 [5 2 1 6 4 8 3 7 9]
 [4 6 8 3 7 9 2 5 1]
 [7 3 9 2 5 1 6 4 8]
 [7 8 3 5 9 2 4 1 6]
 [9 5 2 4 1 6 7 8 3]
 [1 4 6 7 8 3 5 9 2]]",2
54,"[[6 8 7 9 3 5 1 2 4]
 [3 9 5 1 2 4 8 6 7]
 [2 1 4 8 6 7 9 3 5]
 [5 2 1 6 4 8 3 7 9]
 [4 6 8 3 7 9 2 5 1]
 [7 3 9 2 5 1 6 4 8]
 [7 8 3 5 9 2 4 1 6]
 [9 5 2 4 1 6 7 8 3]
 [1 4 6 7 8 3 5 9 2]]",2
55,"[[6 8 7 9 3 5 1 2 4]
 [3 9 5 1 2 4 8 6 7]
 [2 1 4 8 6 7 9 3 5]
 [5 2 1 6 4 8 3 7 9]
 [4 6 8 3 7 9 2 5 1]
 [7 3 9 2 5 1 6 4 8]
 [7 8 3 5 9 2 4 1 6]
 [9 5 2 4 1 6 7 8 3]
 [1 4 6 7 8 3 5 9 2]]",2
56,"[[6 8 7 9 3 5 1 2 4]
 [3 9 5 1 2 4 8 6 7]
 [2 1 4 8 6 7 9 3 5]
 [5 2 1 6 4 8 3 7 9]
 [4 6 8 3 7 9 2 5 1]
 [7 3 9 2 5 1 6 4 8]
 [7 8 3 5 9 2 4 1 6]
 [9 5 2 4 1 6 7 8 3]
 [1 4 6 7 8 3 5 9 2]]",2
57,"[[6 8 7 9 3 5 1 2 4]
 [3 9 5 1 2 4 8 6 7]
 [2 1 4 8 6 7 9 3 5]
 [5 2 1 6 4 8 3 7 9]
 [4 6 8 3 7 9 2 5 1]
 [7 3 9 2 5 1 6 4 8]
 [7 8 3 5 9 2 4 1 6]
 [9 5 2 4 1 6 7 8 3]
 [1 4 6 7 8 3 5 9 2]]",2
58,"[[6 8 7 9 3 5 1 2 4]
 [3 9 5 1 2 4 8 6 7]
 [2 1 4 8 6 7 9 3 5]
 [5 2 1 6 4 8 3 7 9]
 [4 6 8 3 7 9 2 5 1]
 [7 3 9 2 5 1 6 4 8]
 [7 8 3 5 9 2 4 1 6]
 [9 5 2 4 1 6 7 8 3]
 [1 4 6 7 8 3 5 9 2]]",2
59,"[[6 8 7 9 3 5 1 2 4]
 [3 9 5 1 2 4 8 6 7]
 [2 1 4 8 6 7 9 3 5]
 [5 2 1 6 4 8 3 7 9]
 [4 6 8 3 7 9 2 5 1]
 [7 3 9 2 5 1 6 4 8]
 [7 8 3 5 9 2 4 1 6]
 [9 5 2 4 1 6 7 8 3]
 [1 4 6 7 8 3 5 9 2]]",2
60,"[[6 8 7 9 3 5 1 2 4]
 [3 9 5 1 2 4 8 6 7]
 [2 1 4 8 6 7 9 3 5]
 [5 2 1 6 4 8 3 7 9]
 [4 6 8 3 7 9 2 5 1]
 [7 3 9 2 5 1 6 4 8]
 [7 8 3 5 9 2 4 1 6]
 [9 5 2 4 1 6 7 8 3]
 [1 4 6 7 8 3 5 9 2]]",2
61,"[[6 8 7 9 3 5 1 2 4]
 [3 9 5 1 2 4 8 6 7]
 [2 1 4 8 6 7 9 3 5]
 [5 2 1 6 4 8 3 7 9]
 [4 6 8 3 7 9 2 5 1]
 [7 3 9 2 5 1 6 4 8]
 [7 8 3 5 9 2 4 1 6]
 [9 5 2 4 1 6 7 8 3]
 [1 4 6 7 8 3 5 9 2]]",2
62,"[[6 8 7 9 3 5 1 2 4]
 [3 9 5 1 2 4 8 6 7]
 [2 1 4 8 6 7 9 3 5]
 [5 2 1 6 4 8 3 7 9]
 [4 6 8 3 7 9 2 5 1]
 [7 3 9 2 5 1 6 4 8]
 [7 8 3 5 9 2 4 1 6]
 [9 5 2 4 1 6 7 8 3]
 [1 4 6 7 8 3 5 9 2]]",2
63,"[[6 8 7 9 3 5 1 2 4]
 [3 9 5 1 2 4 8 6 7]
 [2 1 4 8 6 7 9 3 5]
 [5 2 1 6 4 8 3 7 9]
 [4 6 8 3 7 9 2 5 1]
 [7 3 9 2 5 1 6 4 8]
 [7 8 3 5 9 2 4 1 6]
 [9 5 2 4 1 6 7 8 3]
 [1 4 6 7 8 3 5 9 2]]",2
64,"[[6 8 7 9 3 5 1 2 4]
 [3 9 5 1 2 4 8 6 7]
 [2 1 4 8 6 7 9 3 5]
 [5 2 1 6 4 8 3 7 9]
 [4 6 8 3 7 9 2 5 1]
 [7 3 9 2 5 1 6 4 8]
 [7 8 3 5 9 2 4 1 6]
 [9 5 2 4 1 6 7 8 3]
 [1 4 6 7 8 3 5 9 2]]",2
65,"[[6 8 7 9 3 5 1 2 4]
 [3 9 5 1 2 4 8 6 7]
 [2 1 4 8 6 7 9 3 5]
 [5 2 1 6 4 8 3 7 9]
 [4 6 8 3 7 9 2 5 1]
 [7 3 9 2 5 1 6 4 8]
 [7 8 3 5 9 2 4 1 6]
 [9 5 2 4 1 6 7 8 3]
 [1 4 6 7 8 3 5 9 2]]",2
66,"[[6 8 7 9 3 5 1 2 4]
 [3 9 5 1 2 4 8 6 7]
 [2 1 4 8 6 7 9 3 5]
 [5 2 1 6 4 8 3 7 9]
 [4 6 8 3 7 9 2 5 1]
 [7 3 9 2 5 1 6 4 8]
 [7 8 3 5 9 2 4 1 6]
 [9 5 2 4 1 6 7 8 3]
 [1 4 6 7 8 3 5 9 2]]",2
67,"[[6 8 7 9 3 5 1 2 4]
 [3 9 5 1 2 4 8 6 7]
 [2 1 4 8 6 7 9 3 5]
 [5 2 1 6 4 8 3 7 9]
 [4 6 8 3 7 9 2 5 1]
 [7 3 9 2 5 1 6 4 8]
 [7 8 3 5 9 2 4 1 6]
 [9 5 2 4 1 6 7 8 3]
 [1 4 6 7 8 3 5 9 2]]",2
68,"[[6 8 7 9 3 5 1 2 4]
 [3 9 5 1 2 4 8 6 7]
 [2 1 4 8 6 7 9 3 5]
 [5 2 1 6 4 8 3 7 9]
 [4 6 8 3 7 9 2 5 1]
 [7 3 9 2 5 1 6 4 8]
 [7 8 3 5 9 2 4 1 6]
 [9 5 2 4 1 6 7 8 3]
 [1 4 6 7 8 3 5 9 2]]",2
69,"[[6 8 7 9 3 5 1 2 4]
 [3 9 5 1 2 4 8 6 7]
 [2 1 4 8 6 7 9 3 5]
 [5 2 1 6 4 8 3 7 9]
 [4 6 8 3 7 9 2 5 1]
 [7 3 9 2 5 1 6 4 8]
 [7 8 3 5 9 2 4 1 6]
 [9 5 2 4 1 6 7 8 3]
 [1 4 6 7 8 3 5 9 2]]",2
70,"[[6 8 7 9 3 5 1 2 4]
 [3 9 5 1 2 4 8 6 7]
 [2 1 4 8 6 7 9 3 5]
 [5 2 1 6 4 8 3 7 9]
 [4 6 8 3 7 9 2 5 1]
 [7 3 9 2 5 1 6 4 8]
 [7 8 3 5 9 2 4 1 6]
 [9 5 2 4 1 6 7 8 3]
 [1 4 6 7 8 3 5 9 2]]",2
71,"[[6 8 7 9 3 5 1 2 4]
 [3 9 5 1 2 4 8 6 7]
 [2 1 4 8 6 7 9 3 5]
 [5 2 1 6 4 8 3 7 9]
 [4 6 8 3 7 9 2 5 1]
 [7 3 9 2 5 1 6 4 8]
 [7 8 3 5 9 2 4 1 6]
 [9 5 2 4 1 6 7 8 3]
 [1 4 6 7 8 3 5 9 2]]",2
72,"[[6 8 7 9 3 5 1 2 4]
 [3 9 5 1 2 4 8 6 7]
 [2 1 4 8 6 7 9 3 5]
 [5 2 1 6 4 8 3 7 9]
 [4 6 8 3 7 9 2 5 1]
 [7 3 9 2 5 1 6 4 8]
 [7 8 3 5 9 2 4 1 6]
 [9 5 2 4 1 6 7 8 3]
 [1 4 6 7 8 3 5 9 2]]",2
73,"[[6 8 7 9 3 5 1 2 4]
 [3 9 5 1 2 4 8 6 7]
 [2 1 4 8 6 7 9 3 5]
 [5 2 1 6 4 8 3 7 9]
 [4 6 8 3 7 9 2 5 1]
 [7 3 9 2 5 1 6 4 8]
 [7 8 3 5 9 2 4 1 6]
 [9 5 2 4 1 6 7 8 3]
 [1 4 6 7 8 3 5 9 2]]",2
74,"[[6 8 7 9 3 5 1 2 4]
 [3 9 5 1 2 4 8 6 7]
 [2 1 4 8 6 7 9 3 5]
 [5 2 1 6 4 8 3 7 9]
 [4 6 8 3 7 9 2 5 1]
 [7 3 9 2 5 1 6 4 8]
 [7 8 3 5 9 2 4 1 6]
 [9 5 2 4 1 6 7 8 3]
 [1 4 6 7 8 3 5 9 2]]",2
75,"[[6 8 7 9 3 5 1 2 4]
 [3 9 5 1 2 4 8 6 7]
 [2 1 4 8 6 7 9 3 5]
 [5 2 1 6 4 8 3 7 9]
 [4 6 8 3 7 9 2 5 1]
 [7 3 9 2 5 1 6 4 8]
 [7 8 3 5 9 2 4 1 6]
 [9 5 2 4 1 6 7 8 3]
 [1 4 6 7 8 3 5 9 2]]",2
76,"[[6 8 7 9 3 5 1 2 4]
 [3 9 5 1 2 4 8 6 7]
 [2 1 4 8 6 7 9 3 5]
 [5 2 1 6 4 8 3 7 9]
 [4 6 8 3 7 9 2 5 1]
 [7 3 9 2 5 1 6 4 8]
 [7 8 3 5 9 2 4 1 6]
 [9 5 2 4 1 6 7 8 3]
 [1 4 6 7 8 3 5 9 2]]",2
77,"[[6 8 7 9 3 5 1 2 4]
 [3 9 5 1 2 4 8 6 7]
 [2 1 4 8 6 7 9 3 5]
 [5 2 1 6 4 8 3 7 9]
 [4 6 8 3 7 9 2 5 1]
 [7 3 9 2 5 1 6 4 8]
 [7 8 3 5 9 2 4 1 6]
 [9 5 2 4 1 6 7 8 3]
 [1 4 6 7 8 3 5 9 2]]",2
78,"[[6 8 7 9 3 5 1 2 4]
 [3 9 5 1 2 4 8 6 7]
 [2 1 4 8 6 7 9 3 5]
 [5 2 1 6 4 8 3 7 9]
 [4 6 8 3 7 9 2 5 1]
 [7 3 9 2 5 1 6 4 8]
 [7 8 3 5 9 2 4 1 6]
 [9 5 2 4 1 6 7 8 3]
 [1 4 6 7 8 3 5 9 2]]",2
79,"[[6 8 7 9 3 5 1 2 4]
 [3 9 5 1 2 4 8 6 7]
 [2 1 4 8 6 7 9 3 5]
 [5 2 1 6 4 8 3 7 9]
 [4 6 8 3 7 9 2 5 1]
 [7 3 9 2 5 1 6 4 8]
 [7 8 3 5 9 2 4 1 6]
 [9 5 2 4 1 6 7 8 3]
 [1 4 6 7 8 3 5 9 2]]",2
80,"[[6 8 7 9 3 5 1 2 4]
 [3 9 5 1 2 4 8 6 7]
 [2 1 4 8 6 7 9 3 5]
 [5 2 1 6 4 8 3 7 9]
 [4 6 8 3 7 9 2 5 1]
 [7 3 9 2 5 1 6 4 8]
 [7 8 3 5 9 2 4 1 6]
 [9 5 2 4 1 6 7 8 3]
 [1 4 6 7 8 3 5 9 2]]",2
81,"[[6 8 7 9 3 5 1 2 4]
 [3 9 5 1 2 4 8 6 7]
 [2 1 4 8 6 7 9 3 5]
 [5 2 1 6 4 8 3 7 9]
 [4 6 8 3 7 9 2 5 1]
 [7 3 9 2 5 1 6 4 8]
 [7 8 3 5 9 2 4 1 6]
 [9 5 2 4 1 6 7 8 3]
 [1 4 6 7 8 3 5 9 2]]",2
82,"[[6 8 7 9 3 5 1 2 4]
 [3 9 5 1 2 4 8 6 7]
 [2 1 4 8 6 7 9 3 5]
 [5 2 1 6 4 8 3 7 9]
 [4 6 8 3 7 9 2 5 1]
 [7 3 9 2 5 1 6 4 8]
 [7 8 3 5 9 2 4 1 6]
 [9 5 2 4 1 6 7 8 3]
 [1 4 6 7 8 3 5 9 2]]",2
83,"[[6 8 7 9 3 5 1 2 4]
 [3 9 5 1 2 4 8 6 7]
 [2 1 4 8 6 7 9 3 5]
 [5 2 1 6 4 8 3 7 9]
 [4 6 8 3 7 9 2 5 1]
 [7 3 9 2 5 1 6 4 8]
 [7 8 3 5 9 2 4 1 6]
 [9 5 2 4 1 6 7 8 3]
 [1 4 6 7 8 3 5 9 2]]",2
84,"[[6 8 7 9 3 5 1 2 4]
 [3 9 5 1 2 4 8 6 7]
 [2 1 4 8 6 7 9 3 5]
 [5 2 1 6 4 8 3 7 9]
 [4 6 8 3 7 9 2 5 1]
 [7 3 9 2 5 1 6 4 8]
 [7 8 3 5 9 2 4 1 6]
 [9 5 2 4 1 6 7 8 3]
 [1 4 6 7 8 3 5 9 2]]",2
85,"[[6 8 7 9 3 5 1 2 4]
 [3 9 5 1 2 4 8 6 7]
 [2 1 4 8 6 7 9 3 5]
 [5 2 1 6 4 8 3 7 9]
 [4 6 8 3 7 9 2 5 1]
 [7 3 9 2 5 1 6 4 8]
 [7 8 3 5 9 2 4 1 6]
 [9 5 2 4 1 6 7 8 3]
 [1 4 6 7 8 3 5 9 2]]",2
86,"[[6 8 7 9 3 5 1 2 4]
 [3 9 5 1 2 4 8 6 7]
 [2 1 4 8 6 7 9 3 5]
 [5 2 1 6 4 8 3 7 9]
 [4 6 8 3 7 9 2 5 1]
 [7 3 9 2 5 1 6 4 8]
 [7 8 3 5 9 2 4 1 6]
 [9 5 2 4 1 6 7 8 3]
 [1 4 6 7 8 3 5 9 2]]",2
87,"[[6 8 7 9 3 5 1 2 4]
 [3 9 5 1 2 4 8 6 7]
 [2 1 4 8 6 7 9 3 5]
 [5 2 1 6 4 8 3 7 9]
 [4 6 8 3 7 9 2 5 1]
 [7 3 9 2 5 1 6 4 8]
 [7 8 3 5 9 2 4 1 6]
 [9 5 2 4 1 6 7 8 3]
 [1 4 6 7 8 3 5 9 2]]",2
88,"[[6 8 7 9 3 5 1 2 4]
 [3 9 5 1 2 4 8 6 7]
 [2 1 4 8 6 7 9 3 5]
 [5 2 1 6 4 8 3 7 9]
 [4 6 8 3 7 9 2 5 1]
 [7 3 9 2 5 1 6 4 8]
 [7 8 3 5 9 2 4 1 6]
 [9 5 2 4 1 6 7 8 3]
 [1 4 6 7 8 3 5 9 2]]",2
89,"[[6 8 7 9 3 5 1 2 4]
 [3 9 5 1 2 4 8 6 7]
 [2 1 4 8 6 7 9 3 5]
 [5 2 1 6 4 8 3 7 9]
 [4 6 8 3 7 9 2 5 1]
 [7 3 9 2 5 1 6 4 8]
 [7 8 3 5 9 2 4 1 6]
 [9 5 2 4 1 6 7 8 3]
 [1 4 6 7 8 3 5 9 2]]",2
90,"[[6 8 7 9 3 5 1 2 4]
 [3 9 5 1 2 4 8 6 7]
 [2 1 4 8 6 7 9 3 5]
 [5 2 1 6 4 8 3 7 9]
 [4 6 8 3 7 9 2 5 1]
 [7 3 9 2 5 1 6 4 8]
 [7 8 3 5 9 2 4 1 6]
 [9 5 2 4 1 6 7 8 3]
 [1 4 6 7 8 3 5 9 2]]",2
91,"[[6 8 7 9 3 5 1 2 4]
 [3 9 5 1 2 4 8 6 7]
 [2 1 4 8 6 7 9 3 5]
 [5 2 1 6 4 8 3 7 9]
 [4 6 8 3 7 9 2 5 1]
 [7 3 9 2 5 1 6 4 8]
 [7 8 3 5 9 2 4 1 6]
 [9 5 2 4 1 6 7 8 3]
 [1 4 6 7 8 3 5 9 2]]",2
92,"[[6 8 7 9 3 5 1 2 4]
 [3 9 5 1 2 4 8 6 7]
 [2 1 4 8 6 7 9 3 5]
 [5 2 1 6 4 8 3 7 9]
 [4 6 8 3 7 9 2 5 1]
 [7 3 9 2 5 1 6 4 8]
 [7 8 3 5 9 2 4 1 6]
 [9 5 2 4 1 6 7 8 3]
 [1 4 6 7 8 3 5 9 2]]",2
93,"[[6 8 7 9 3 5 1 2 4]
 [3 9 5 1 2 4 8 6 7]
 [2 1 4 8 6 7 9 3 5]
 [5 2 1 6 4 8 3 7 9]
 [4 6 8 3 7 9 2 5 1]
 [7 3 9 2 5 1 6 4 8]
 [7 8 3 5 9 2 4 1 6]
 [9 5 2 4 1 6 7 8 3]
 [1 4 6 7 8 3 5 9 2]]",2
94,"[[6 8 7 9 3 5 1 2 4]
 [3 9 5 1 2 4 8 6 7]
 [2 1 4 8 6 7 9 3 5]
 [5 2 1 6 4 8 3 7 9]
 [4 6 8 3 7 9 2 5 1]
 [7 3 9 2 5 1 6 4 8]
 [7 8 3 5 9 2 4 1 6]
 [9 5 2 4 1 6 7 8 3]
 [1 4 6 7 8 3 5 9 2]]",2
95,"[[6 8 7 9 3 5 1 2 4]
 [3 9 5 1 2 4 8 6 7]
 [2 1 4 8 6 7 9 3 5]
 [5 2 1 6 4 8 3 7 9]
 [4 6 8 3 7 9 2 5 1]
 [7 3 9 2 5 1 6 4 8]
 [7 8 3 5 9 2 4 1 6]
 [9 5 2 4 1 6 7 8 3]
 [1 4 6 7 8 3 5 9 2]]",2
96,"[[6 8 7 9 3 5 1 2 4]
 [3 9 5 1 2 4 8 6 7]
 [2 1 4 8 6 7 9 3 5]
 [5 2 1 6 4 8 3 7 9]
 [4 6 8 3 7 9 2 5 1]
 [7 3 9 2 5 1 6 4 8]
 [7 8 3 5 9 2 4 1 6]
 [9 5 2 4 1 6 7 8 3]
 [1 4 6 7 8 3 5 9 2]]",2
97,"[[6 8 7 9 3 5 1 2 4]
 [3 9 5 1 2 4 8 6 7]
 [2 1 4 8 6 7 9 3 5]
 [5 2 1 6 4 8 3 7 9]
 [4 6 8 3 7 9 2 5 1]
 [7 3 9 2 5 1 6 4 8]
 [7 8 3 5 9 2 4 1 6]
 [9 5 2 4 1 6 7 8 3]
 [1 4 6 7 8 3 5 9 2]]",2
98,"[[6 8 7 9 3 5 1 2 4]
 [3 9 5 1 2 4 8 6 7]
 [2 1 4 8 6 7 9 3 5]
 [5 2 1 6 4 8 3 7 9]
 [4 6 8 3 7 9 2 5 1]
 [7 3 9 2 5 1 6 4 8]
 [7 8 3 5 9 2 4 1 6]
 [9 5 2 4 1 6 7 8 3]
 [1 4 6 7 8 3 5 9 2]]",2
99,"[[6 8 7 9 3 5 1 2 4]
 [3 9 5 1 2 4 8 6 7]
 [2 1 4 8 6 7 9 3 5]
 [5 2 1 6 4 8 3 7 9]
 [4 6 8 3 7 9 2 5 1]
 [7 3 9 2 5 1 6 4 8]
 [7 8 3 5 9 2 4 1 6]
 [9 5 2 4 1 6 7 8 3]
 [1 4 6 7 8 3 5 9 2]]",2
100,"[[6 8 7 9 3 5 1 2 4]
 [3 9 5 1 2 4 8 6 7]
 [2 1 4 8 6 7 9 3 5]
 [5 2 1 6 4 8 3 7 9]
 [4 6 8 3 7 9 2 5 1]
 [7 3 9 2 5 1 6 4 8]
 [7 8 3 5 9 2 4 1 6]
 [9 5 2 4 1 6 7 8 3]
 [1 4 6 7 8 3 5 9 2]]",2
101,"[[6 8 7 9 3 5 1 2 4]
 [3 9 5 1 2 4 8 6 7]
 [2 1 4 8 6 7 9 3 5]
 [5 2 1 6 4 8 3 7 9]
 [4 6 8 3 7 9 2 5 1]
 [7 3 9 2 5 1 6 4 8]
 [8 7 3 5 9 2 4 1 6]
 [9 5 2 4 1 6 7 8 3]
 [1 4 6 7 8 3 5 9 2]]",0
